,abl,abstract,access,act,add,algorithm,allow,also,anoth,appear,applic,appropri,avoid,becom,behavior,call,can,case,chang,class,client,code,combin,common,complex,compos,concret,consid,contain,correspond,creat,data,declar,defin,depend,describ,design,diagram,differ,display,document,draw,editor,encapsul,even,everi,exampl,extend,extens,first,flexibl,follow,forward,function,general,get,give,graphic,hierarchi,implement,includ,independ,inform,initi,instanc,instanti,intent,interfac,just,keep,key,kind,know,larg,let,like,made,maintain,make,manag,mani,may,might,modifi,motiv,multipl,must,need,new,number,object,often,one,open,oper,part,particular,pass,pattern,perform,possibl,present,problem,provid,put,refer,relationship,replac,repres,represent,request,requir,respons,result,return,reus,runtim,see,select,separ,set,sever,share,simpl,simpli,solut,specif,specifi,state,store,structur,subclass,support,suppos,system,text,therebi,therefor,time,toolkit,two,use,user,usual,vari,want,way,whenev,will,window,without,work
1,0,-4.650883738,0,0,0,0,0,-2.851676308,0,-1.79920743,-3.59841486,-1.79920743,0,0,-1.79920743,-1.79920743,-1.79920743,0,-1.79920743,-6.450091168,-4.650883738,0,0,0,0,-1.79920743,-5.051013835,-1.79920743,0,-1.79920743,-4.650883738,0,-1.79920743,-3.59841486,-2.851676308,0,-1.79920743,0,-2.851676308,0,0,0,-1.79920743,0,0,0,-1.79920743,0,0,0,0,0,0,0,0,0,0,0,0,-4.17763028,0,-2.851676308,0,0,-1.79920743,-2.851676308,-1.79920743,-5.703352615,-1.79920743,0,0,-2.851676308,0,0,0,-1.79920743,0,0,-1.79920743,-2.851676308,0,0,0,0,-1.79920743,-2.851676308,0,-1.79920743,-1.79920743,0,-3.59841486,0,-1.79920743,0,-4.650883738,0,-3.59841486,0,-1.79920743,0,0,-2.851676308,-1.79920743,-2.851676308,0,0,0,0,-1.79920743,0,0,0,0,0,-3.59841486,0,0,0,0,0,0,0,0,0,0,0,-1.79920743,-1.79920743,0,0,0,-3.59841486,-1.79920743,0,-2.851676308,-1.79920743,0,0,0,-1.79920743,0,-4.650883738,-2.851676308,0,0,-2.851676308,0,0,0,-1.79920743,-1.79920743,0
2,-3.504934683,-15.63001655,0,0,0,0,0,0,-3.504934683,0,-7.009869366,0,-3.504934683,0,0,0,-7.009869366,-5.55519004,0,-13.34453032,-11.64314099,-9.060124723,-3.504934683,0,0,0,-7.009869366,-3.504934683,0,0,-7.009869366,0,0,-7.009869366,-5.55519004,0,0,-3.504934683,-8.138206311,0,0,0,0,0,0,-5.55519004,-9.060124723,-7.009869366,-3.504934683,-3.504934683,-3.504934683,0,0,0,-3.504934683,0,0,0,-9.060124723,-16.66557012,0,-8.138206311,0,0,0,-5.55519004,-3.504934683,-9.839595634,0,0,0,-7.009869366,0,0,-5.55519004,0,0,0,-8.138206311,-3.504934683,0,0,-3.504934683,-3.504934683,-5.55519004,-5.55519004,-3.504934683,-3.504934683,-7.009869366,0,-8.138206311,0,-5.55519004,0,-5.55519004,-3.504934683,0,0,-7.009869366,0,-3.504934683,-3.504934683,-3.504934683,-3.504934683,-3.504934683,-7.009869366,-3.504934683,0,0,-5.55519004,0,-3.504934683,0,0,0,-3.504934683,-3.504934683,0,-3.504934683,-5.55519004,0,-3.504934683,-5.55519004,-3.504934683,0,0,-5.55519004,0,0,0,0,-10.51480405,-5.55519004,0,-5.55519004,0,0,-3.504934683,0,-3.504934683,-9.060124723,-9.060124723,-3.504934683,-3.504934683,-5.55519004,-7.009869366,-5.55519004,-3.504934683,0,-16.66557012,-5.55519004,-3.504934683
3,-3.504934683,-15.63001655,0,0,0,0,0,0,-3.504934683,0,-7.009869366,0,-3.504934683,0,0,0,-7.009869366,-5.55519004,0,-13.34453032,-11.64314099,-9.060124723,-3.504934683,0,0,0,-7.009869366,-3.504934683,0,0,-7.009869366,0,0,-7.009869366,-5.55519004,0,0,-3.504934683,-8.138206311,0,0,0,0,0,0,-5.55519004,-9.060124723,-7.009869366,-3.504934683,-3.504934683,-3.504934683,0,0,0,-3.504934683,0,0,0,-9.060124723,-16.66557012,0,-8.138206311,0,0,0,-5.55519004,-3.504934683,-9.839595634,0,0,0,-7.009869366,0,0,-5.55519004,0,0,0,-8.138206311,-3.504934683,0,0,-3.504934683,-3.504934683,-5.55519004,-5.55519004,-3.504934683,-3.504934683,-7.009869366,0,-8.138206311,0,-5.55519004,0,-5.55519004,-3.504934683,0,0,-7.009869366,0,-3.504934683,-3.504934683,-3.504934683,-3.504934683,-3.504934683,-7.009869366,-3.504934683,0,0,-5.55519004,0,-3.504934683,0,0,0,-3.504934683,-3.504934683,0,-3.504934683,-5.55519004,0,-3.504934683,-5.55519004,-3.504934683,0,0,-5.55519004,0,0,0,0,-10.51480405,-5.55519004,0,-5.55519004,0,0,-3.504934683,0,-3.504934683,-9.060124723,-9.060124723,-3.504934683,-3.504934683,-5.55519004,-7.009869366,-5.55519004,-3.504934683,0,-16.66557012,-5.55519004,-3.504934683
4,-1.780540483,-1.780540483,0,0,-1.780540483,-3.561080965,-1.780540483,0,-1.780540483,0,-1.780540483,0,0,0,0,-2.822089896,-2.822089896,0,0,-3.561080965,0,0,0,0,-4.134286971,0,0,0,0,0,-4.602630379,-1.780540483,0,0,0,0,0,0,-4.602630379,0,-4.602630379,0,0,0,0,0,-2.822089896,0,0,0,0,0,0,0,0,-1.780540483,0,0,0,-1.780540483,0,-1.780540483,-1.780540483,0,0,0,-1.780540483,-2.822089896,0,0,0,-1.780540483,0,0,-2.822089896,0,0,0,-1.780540483,0,-1.780540483,0,-1.780540483,-1.780540483,-1.780540483,0,-1.780540483,0,-1.780540483,-1.780540483,-5.644179792,0,0,0,-1.780540483,-1.780540483,-1.780540483,0,-4.134286971,-2.822089896,-1.780540483,0,-1.780540483,0,-1.780540483,0,-1.780540483,0,-2.822089896,-4.998609088,-3.561080965,0,-2.822089896,0,0,-1.780540483,0,-1.780540483,0,-3.561080965,0,0,0,0,0,-1.780540483,0,0,0,0,0,-2.822089896,0,0,0,-5.914827453,0,0,0,0,0,-2.822089896,-2.822089896,0,0,0,0,-1.780540483,-2.822089896,0,-1.780540483,0
5,0,0,-2.086705961,0,0,0,0,0,0,0,-4.173411923,0,-2.086705961,0,0,0,-6.614701398,-2.086705961,0,-5.39405666,-2.086705961,0,0,-2.086705961,0,0,0,-2.086705961,-2.086705961,-2.086705961,0,0,0,-3.307350699,-3.307350699,0,0,-3.307350699,-2.086705961,-2.086705961,0,0,0,0,0,0,-3.307350699,0,0,-2.086705961,0,-2.086705961,-4.845181197,0,-3.307350699,-2.086705961,-2.086705961,-2.086705961,0,-2.086705961,0,0,-4.845181197,-3.307350699,-2.086705961,0,-2.086705961,-4.173411923,-2.086705961,0,0,0,-2.086705961,0,0,0,-2.086705961,0,0,0,0,-2.086705961,-3.307350699,0,-2.086705961,-2.086705961,0,-2.086705961,0,0,-8.529333078,0,-5.858124251,0,-3.307350699,-4.173411923,0,-3.307350699,-3.307350699,0,0,0,-2.086705961,-4.173411923,0,-2.086705961,0,0,0,0,-9.16547495,0,-3.307350699,0,0,0,0,-2.086705961,-2.086705961,0,-2.086705961,-3.307350699,-2.086705961,0,0,0,-2.086705961,0,0,0,0,-2.086705961,0,0,-3.307350699,0,0,0,0,0,0,-4.173411923,-3.307350699,0,0,-3.307350699,-2.086705961,0,-2.086705961,-2.086705961,0,0
6,0,-5.297338197,0,0,-3.342248283,0,-3.342248283,-6.684496566,0,0,-10.02674485,0,0,0,0,-7.760460189,-12.72512545,-3.342248283,-6.684496566,-8.63958648,0,0,0,-6.684496566,0,-3.342248283,-6.684496566,0,0,-3.342248283,-3.342248283,-3.342248283,-3.342248283,-5.297338197,0,0,-3.342248283,0,-7.760460189,0,-10.02674485,0,0,-5.297338197,0,0,-7.760460189,-3.342248283,0,0,-3.342248283,0,-3.342248283,-5.297338197,0,0,-3.342248283,0,0,-6.684496566,-3.342248283,-3.342248283,-3.342248283,0,-6.684496566,-3.342248283,-3.342248283,-10.02674485,-3.342248283,-5.297338197,-3.342248283,0,-7.760460189,0,-6.684496566,-3.342248283,0,0,-6.684496566,0,0,0,0,0,-3.342248283,0,-3.342248283,-6.684496566,-3.342248283,-3.342248283,-14.68021537,0,-6.684496566,-3.342248283,-13.36899313,0,0,-3.342248283,-9.382877168,-5.297338197,0,0,0,-3.342248283,0,0,0,-5.297338197,-3.342248283,0,-14.68021537,-3.342248283,-3.342248283,0,0,0,0,0,-3.342248283,0,-3.342248283,0,-3.342248283,0,-3.342248283,0,0,-3.342248283,-3.342248283,-9.382877168,-3.342248283,-8.63958648,-6.684496566,0,-7.760460189,-3.342248283,-3.342248283,0,-3.342248283,-8.63958648,0,-6.684496566,-9.382877168,0,0,-3.342248283,-7.760460189,0,-3.342248283,0,-3.342248283,0
7,-1.742460885,-1.742460885,-1.742460885,-1.742460885,0,0,0,-1.742460885,0,0,-3.484921769,0,0,0,0,-1.742460885,-3.484921769,0,0,-5.523470322,-4.045868882,-1.742460885,0,0,-2.761735161,-3.484921769,0,0,-3.484921769,0,0,0,-2.761735161,-3.484921769,0,-1.742460885,0,-3.484921769,-2.761735161,0,0,-4.891706141,-1.742460885,0,-1.742460885,0,0,0,0,0,0,-1.742460885,0,0,0,0,0,-6.447871465,-2.761735161,-4.504196046,0,0,0,0,0,0,-1.742460885,-2.761735161,0,0,-1.742460885,0,0,0,-2.761735161,-2.761735161,0,0,-2.761735161,-1.742460885,0,0,0,0,-1.742460885,0,-1.742460885,0,0,0,-7.122244118,0,0,0,-4.504196046,0,0,0,-3.484921769,0,0,0,-1.742460885,0,0,0,0,0,-3.484921769,0,0,0,0,0,0,0,0,-1.742460885,0,0,0,0,-1.742460885,-2.761735161,0,0,-1.742460885,0,0,0,-3.484921769,-2.761735161,0,0,-2.761735161,-3.484921769,0,0,-1.742460885,0,0,-3.484921769,-3.484921769,0,0,-2.761735161,0,0,-1.742460885,0,0,0
8,0,-3.98847267,0,0,-8.359452928,0,-2.516446079,-2.516446079,-3.98847267,-2.516446079,-2.516446079,0,0,0,-2.516446079,-2.516446079,-6.504918749,0,0,-7.549338236,-5.032892158,0,-2.516446079,0,0,-3.98847267,0,0,0,0,0,0,0,-2.516446079,-2.516446079,0,0,-2.516446079,-2.516446079,-2.516446079,0,-5.032892158,0,0,0,-3.98847267,-5.032892158,-3.98847267,-3.98847267,0,-3.98847267,-2.516446079,-5.032892158,-3.98847267,-2.516446079,0,0,-2.516446079,0,0,0,-2.516446079,0,0,-2.516446079,0,-2.516446079,-7.064557285,0,0,0,0,-2.516446079,-2.516446079,-5.84300685,-3.98847267,-2.516446079,0,0,0,0,-3.98847267,-2.516446079,0,-2.516446079,0,0,-2.516446079,0,-3.98847267,-9.581003364,0,-3.98847267,0,-5.032892158,0,0,0,-2.516446079,-2.516446079,-2.516446079,0,0,-2.516446079,-2.516446079,0,0,0,0,0,-3.98847267,0,-7.064557285,-2.516446079,0,0,0,0,0,0,0,0,0,0,-3.98847267,0,-2.516446079,0,0,0,0,-7.97694534,-2.516446079,-3.98847267,0,-3.98847267,-2.516446079,0,0,-2.516446079,0,-5.032892158,-3.98847267,0,0,-3.98847267,-3.98847267,0,0,-2.516446079,-2.516446079,0
9,0,-3.809053485,0,0,0,0,0,0,0,0,-5.097621362,-1.473543034,0,0,0,-1.473543034,-2.335510451,0,0,-5.894172134,-1.473543034,0,0,0,0,0,0,-1.473543034,0,0,-5.097621362,0,0,-2.947086067,0,0,0,0,0,0,-5.097621362,-1.473543034,0,-1.473543034,0,0,-2.335510451,0,0,0,0,0,0,0,0,0,0,0,0,-1.473543034,0,0,0,0,0,-4.420629101,-1.473543034,-1.473543034,0,0,-1.473543034,-1.473543034,-2.947086067,0,-2.335510451,0,0,-1.473543034,0,-1.473543034,0,0,0,0,-1.473543034,-1.473543034,-2.335510451,0,-2.335510451,0,-4.136758288,-1.473543034,-1.473543034,-1.473543034,-1.473543034,0,-1.473543034,0,-2.335510451,0,0,-1.473543034,0,0,0,0,-1.473543034,0,0,0,0,0,-3.421460969,0,-1.473543034,0,0,0,-1.473543034,0,0,-1.473543034,0,0,0,-1.473543034,0,-1.473543034,0,0,0,-5.452757168,0,0,0,0,0,0,0,0,-1.473543034,-2.335510451,-2.335510451,0,0,-2.335510451,0,0,-1.473543034,0,-1.473543034,0
10,0,-1.55240044,-2.460496484,-1.55240044,0,0,0,-2.460496484,0,0,-3.10480088,0,0,-1.55240044,0,0,-3.10480088,0,0,-5.156962637,-4.920992967,-2.460496484,0,-1.55240044,-3.10480088,0,0,-1.55240044,-1.55240044,0,0,0,0,-3.10480088,-3.604562196,0,-1.55240044,0,0,0,0,0,0,0,0,0,-1.55240044,0,0,0,0,0,0,-3.10480088,-2.460496484,-1.55240044,-1.55240044,0,0,-3.10480088,-1.55240044,-1.55240044,0,0,0,0,-1.55240044,-5.156962637,0,0,0,0,0,0,0,-1.55240044,0,0,-3.604562196,0,-1.55240044,0,-1.55240044,0,-1.55240044,0,0,-4.012896924,0,0,-1.55240044,-1.55240044,-1.55240044,0,0,0,0,0,-2.460496484,0,0,0,0,-4.012896924,0,0,0,0,0,0,0,0,0,-1.55240044,0,0,0,0,0,0,-1.55240044,0,0,-3.10480088,0,0,0,0,0,0,-1.55240044,0,0,0,-1.55240044,0,-1.55240044,0,0,0,0,-3.604562196,0,0,0,-3.10480088,-1.55240044,0,-1.55240044,0,-2.460496484,0
11,0,-5.113320308,0,-3.226145922,0,-3.226145922,-3.226145922,0,0,-6.452291844,-9.678437766,0,0,-3.226145922,0,0,-9.678437766,0,0,-5.113320308,-5.113320308,-6.452291844,-3.226145922,0,0,0,0,0,0,-3.226145922,-3.226145922,0,0,0,-7.490878854,-3.226145922,-5.113320308,-3.226145922,-6.452291844,0,-12.60419916,-7.490878854,-7.490878854,0,-5.113320308,-3.226145922,-7.490878854,-3.226145922,0,0,-3.226145922,-5.113320308,0,-3.226145922,0,0,0,-3.226145922,0,-6.452291844,0,-5.113320308,-6.452291844,0,-5.113320308,0,-3.226145922,0,0,0,-3.226145922,0,-5.113320308,-5.113320308,0,-3.226145922,-3.226145922,0,-5.113320308,0,0,-9.056936633,0,0,-3.226145922,-3.226145922,-3.226145922,-6.452291844,-3.226145922,-9.056936633,-16.13072961,0,-3.226145922,0,-5.113320308,0,-3.226145922,-6.452291844,-6.452291844,0,0,0,0,0,0,-3.226145922,0,-3.226145922,-7.490878854,0,-3.226145922,-3.226145922,-3.226145922,0,-3.226145922,0,-3.226145922,0,0,0,-5.113320308,0,-10.71702478,0,0,0,0,0,-10.22664062,-7.490878854,-7.490878854,0,-5.113320308,0,0,-5.113320308,-3.226145922,-3.226145922,0,0,0,-11.56561215,0,-3.226145922,-3.226145922,0,0,0,-6.452291844,0,-5.113320308,0
12,0,-3.363153123,0,0,0,-2.665235792,0,0,-1.681576562,0,-2.665235792,0,0,-1.681576562,0,0,-4.720782237,-1.681576562,0,-5.044729685,0,0,0,0,-1.681576562,0,0,0,-1.681576562,0,-1.681576562,0,0,-5.044729685,0,-2.665235792,0,0,0,0,0,0,0,0,-1.681576562,-1.681576562,-3.904499862,0,0,-1.681576562,0,-1.681576562,0,0,0,0,0,0,-1.681576562,-3.363153123,0,0,-1.681576562,0,-3.363153123,0,-1.681576562,0,0,0,0,-1.681576562,0,-1.681576562,0,0,-1.681576562,0,0,0,0,0,-1.681576562,0,-1.681576562,-1.681576562,0,0,0,0,0,-2.665235792,0,0,-1.681576562,-1.681576562,-2.665235792,0,-5.586076424,0,-1.681576562,0,-2.665235792,0,0,0,0,0,-5.044729685,-2.665235792,0,0,0,0,0,0,0,0,0,0,-1.681576562,0,0,-2.665235792,0,0,0,-1.681576562,-1.681576562,0,0,-2.665235792,0,-1.681576562,0,0,0,0,-1.681576562,0,0,-3.363153123,0,-1.681576562,0,0,0,0,-3.363153123,0,-1.681576562,-1.681576562
13,-2.487051285,-2.487051285,-6.982035666,0,0,0,0,-3.941883024,0,0,-2.487051285,-2.487051285,0,-2.487051285,0,-2.487051285,-5.774754252,0,-3.941883024,-6.982035666,-5.774754252,-4.97410257,0,-3.941883024,0,0,-2.487051285,0,0,-2.487051285,-3.941883024,-2.487051285,0,-4.97410257,-2.487051285,0,0,0,-6.428934309,0,0,0,0,0,-2.487051285,0,-5.774754252,0,0,-3.941883024,0,0,0,0,0,0,-3.941883024,0,-2.487051285,-2.487051285,0,-3.941883024,0,-2.487051285,-2.487051285,-3.941883024,-2.487051285,-5.774754252,0,-2.487051285,-2.487051285,0,-2.487051285,0,-4.97410257,-2.487051285,0,0,-2.487051285,0,0,0,-3.941883024,0,-2.487051285,-2.487051285,-2.487051285,-4.97410257,0,0,-8.603783852,0,-3.941883024,0,-4.97410257,0,0,0,-3.941883024,0,0,0,-2.487051285,-4.97410257,-2.487051285,0,-2.487051285,0,0,-2.487051285,0,0,-4.97410257,-2.487051285,-2.487051285,0,0,-2.487051285,0,-2.487051285,0,0,0,0,-2.487051285,0,-3.941883024,0,0,0,-5.774754252,-3.941883024,-4.97410257,0,0,0,0,0,0,0,-2.487051285,-3.941883024,0,0,0,-4.97410257,-4.97410257,0,-2.487051285,0,-6.428934309,-2.487051285
14,0,-6.797205973,0,-4.639814902,0,0,0,0,-2.927397273,-2.927397273,-2.927397273,0,-2.927397273,-2.927397273,-8.218243143,-5.854794546,-8.782191818,-2.927397273,-8.782191818,-8.218243143,-2.927397273,0,0,0,-2.927397273,0,0,-2.927397273,-2.927397273,0,-4.639814902,0,0,-5.854794546,-5.854794546,0,-2.927397273,-2.927397273,-4.639814902,-4.639814902,0,0,0,-4.639814902,-2.927397273,-4.639814902,-4.639814902,-2.927397273,0,0,0,-2.927397273,0,0,-2.927397273,-4.639814902,0,0,0,-2.927397273,0,0,-2.927397273,-2.927397273,0,0,-2.927397273,-2.927397273,0,-4.639814902,0,-2.927397273,-6.797205973,0,-4.639814902,-2.927397273,0,0,-2.927397273,0,-7.567212175,-4.639814902,-2.927397273,0,-2.927397273,0,0,0,0,-2.927397273,-12.43537142,-2.927397273,-4.639814902,0,-4.639814902,0,0,-2.927397273,-2.927397273,0,0,-2.927397273,-2.927397273,0,0,-6.797205973,0,-4.639814902,0,0,0,0,-2.927397273,-4.639814902,0,-2.927397273,0,0,-7.567212175,0,-4.639814902,-2.927397273,0,0,-2.927397273,0,0,0,0,0,0,-5.854794546,-2.927397273,0,-5.854794546,-5.854794546,-2.927397273,0,0,0,0,-4.639814902,-4.639814902,0,-2.927397273,0,-4.639814902,0,-4.639814902,-2.927397273,-2.927397273,0
15,0,0,0,0,0,0,-2.02479298,0,-2.02479298,-2.02479298,-3.209220946,0,0,0,0,0,-6.418441891,-3.209220946,0,0,0,0,0,0,0,0,0,-2.02479298,-2.02479298,0,-2.02479298,0,0,0,0,-3.209220946,0,0,0,0,0,0,-4.701423708,-4.701423708,0,0,-3.209220946,0,-2.02479298,0,0,-2.02479298,0,0,-2.02479298,0,-2.02479298,-4.049585961,0,-2.02479298,0,0,-4.701423708,-2.02479298,-2.02479298,0,-2.02479298,-3.209220946,-2.02479298,0,0,0,0,0,-3.209220946,0,-2.02479298,-4.049585961,-3.209220946,0,0,-2.02479298,-2.02479298,-2.02479298,-2.02479298,0,-4.049585961,-2.02479298,0,0,-7.70910552,0,0,0,-4.701423708,0,0,0,-3.209220946,0,0,0,-2.02479298,0,0,0,-2.02479298,0,0,0,-3.209220946,-2.02479298,0,-2.02479298,-3.209220946,0,0,0,0,0,0,0,0,0,0,0,0,0,-7.910644653,-4.049585961,-2.02479298,0,-3.209220946,-2.02479298,-2.02479298,0,0,0,0,0,-2.02479298,-3.209220946,-5.234013926,0,0,0,-3.209220946,0,-3.209220946,0,-2.02479298,-2.02479298
16,-1.72480773,-1.72480773,0,0,0,0,0,-1.72480773,0,0,-3.449615461,0,0,0,-1.72480773,0,-4.004879527,0,-5.174423191,-1.72480773,0,0,0,-1.72480773,0,0,0,0,0,0,0,-4.004879527,0,-2.733755574,-3.449615461,-1.72480773,0,0,-2.733755574,0,0,0,0,-1.72480773,0,0,-1.72480773,0,0,0,0,-1.72480773,0,0,0,0,0,-1.72480773,0,0,0,-1.72480773,-1.72480773,0,0,0,-1.72480773,-2.733755574,0,0,-1.72480773,-1.72480773,-2.733755574,0,-2.733755574,0,0,-1.72480773,-1.72480773,0,-2.733755574,-2.733755574,0,0,-1.72480773,0,0,-2.733755574,0,-4.004879527,-6.382547032,0,-3.449615461,0,0,0,0,0,-3.449615461,0,0,-2.733755574,0,0,0,0,-1.72480773,0,0,0,0,-1.72480773,-1.72480773,0,0,-1.72480773,0,0,0,-2.733755574,0,0,0,0,0,0,0,0,-4.458563304,0,0,0,0,0,-1.72480773,0,-1.72480773,-1.72480773,0,-1.72480773,-2.733755574,-2.733755574,-4.004879527,0,-1.72480773,-1.72480773,0,-1.72480773,-1.72480773,0,-2.733755574,-1.72480773
17,0,-3.94572941,0,0,-6.435207494,0,0,-4.978956168,0,0,-3.94572941,-2.489478084,-2.489478084,-2.489478084,0,-2.489478084,-6.988848553,0,-2.489478084,-9.957912336,0,0,-2.489478084,0,0,-2.489478084,0,0,0,-2.489478084,-8.269867189,0,0,-2.489478084,0,0,-2.489478084,0,-5.780389105,0,-3.94572941,0,-6.435207494,0,-2.489478084,0,-2.489478084,0,0,0,-2.489478084,0,0,0,-2.489478084,0,0,-8.269867189,-3.94572941,0,-2.489478084,-2.489478084,0,-4.978956168,-8.612179198,-4.978956168,-2.489478084,0,-2.489478084,0,0,-6.435207494,-3.94572941,0,0,-3.94572941,0,0,-3.94572941,0,0,-3.94572941,0,0,-2.489478084,0,0,0,-5.780389105,-4.978956168,-8.924685578,0,-2.489478084,0,-2.489478084,0,0,0,-3.94572941,0,0,-2.489478084,-2.489478084,-3.94572941,0,0,0,0,-3.94572941,0,0,0,0,0,0,0,-2.489478084,0,-2.489478084,-2.489478084,0,0,0,0,0,-2.489478084,-2.489478084,-3.94572941,-3.94572941,0,0,-6.988848553,-2.489478084,-2.489478084,-3.94572941,0,-2.489478084,0,-2.489478084,0,0,-6.988848553,-2.489478084,0,0,0,0,0,-3.94572941,0,0,0
18,0,-2.813592885,-8.91887843,-4.459439215,-2.813592885,0,0,-5.62718577,-4.459439215,0,-5.62718577,0,-2.813592885,-2.813592885,0,-4.459439215,-7.898753834,-4.459439215,-2.813592885,-5.62718577,0,-2.813592885,0,-2.813592885,0,0,0,-2.813592885,0,0,-8.91887843,0,0,-2.813592885,0,-2.813592885,0,0,-4.459439215,-2.813592885,-8.91887843,-4.459439215,-6.532960367,0,0,0,-5.62718577,0,0,-2.813592885,0,0,-5.62718577,0,0,0,0,-5.62718577,0,-2.813592885,-2.813592885,0,0,-2.813592885,-2.813592885,-7.2730321,-2.813592885,-2.813592885,-2.813592885,-2.813592885,0,-2.813592885,0,-2.813592885,-2.813592885,-4.459439215,0,-2.813592885,-2.813592885,0,0,0,0,0,-4.459439215,0,-2.813592885,-4.459439215,0,-2.813592885,-12.35819305,0,-2.813592885,-4.459439215,-6.532960367,0,0,-2.813592885,-2.813592885,-2.813592885,0,0,0,-5.62718577,-2.813592885,-9.346553252,0,-2.813592885,-2.813592885,0,-6.532960367,-2.813592885,0,0,-2.813592885,0,0,0,0,-2.813592885,0,-2.813592885,0,-2.813592885,0,-2.813592885,0,0,0,-6.532960367,0,0,0,0,-4.459439215,0,0,-2.813592885,-2.813592885,0,0,-7.898753834,0,0,0,0,0,-2.813592885,-2.813592885,0,-2.813592885,0
19,-0.721094855,0,-2.024369191,0,0,0,0,0,0,0,-0.721094855,0,0,0,0,0,-1.674330404,0,0,-2.024369191,-1.142908305,-0.721094855,0,0,0,0,0,0,0,0,-1.142908305,0,0,0,0,0,0,0,0,0,0,0,0,0,0,0,0,-0.721094855,-0.721094855,0,0,0,0,0,0,0,0,0,0,0,0,0,0,0,-2.494578342,-0.721094855,-0.721094855,0,0,-1.142908305,0,0,0,0,0,0,0,0,-1.142908305,-0.721094855,-0.721094855,0,0,-0.721094855,-0.721094855,-0.721094855,-1.142908305,0,-0.721094855,0,-1.442189711,0,-2.395425259,0,0,0,0,0,-1.142908305,0,0,0,0,-1.142908305,0,0,0,0,0,0,-0.721094855,0,-0.721094855,0,0,0,0,0,0,0,0,0,0,0,0,-0.721094855,0,0,0,0,0,-0.721094855,0,0,-1.442189711,0,0,0,0,0,0,-1.142908305,0,0,0,0,-0.721094855,0,-1.142908305,-0.721094855,-0.721094855,0
20,0,-1.645714929,0,0,0,0,-1.645714929,0,0,-1.645714929,-1.645714929,0,0,0,-4.254111378,0,-3.291429858,-1.645714929,-3.82123173,-5.216792899,0,0,0,-1.645714929,0,0,0,-1.645714929,-1.645714929,0,0,0,-1.645714929,0,-4.254111378,-1.645714929,0,0,-3.291429858,0,0,0,0,0,0,0,-3.291429858,0,0,0,0,-1.645714929,0,0,0,0,0,0,0,-1.645714929,0,-1.645714929,0,0,-3.82123173,0,-1.645714929,-1.645714929,0,0,-1.645714929,0,0,-1.645714929,-1.645714929,0,0,-1.645714929,0,0,0,0,0,0,-1.645714929,0,-1.645714929,0,0,0,-6.089868888,-1.645714929,-2.608396449,-1.645714929,-3.291429858,0,-2.608396449,0,-3.82123173,-1.645714929,0,0,0,0,-1.645714929,0,0,-1.645714929,-3.82123173,0,-1.645714929,0,0,0,0,0,-1.645714929,0,0,-1.645714929,0,-2.608396449,0,0,0,0,0,0,-7.228502356,0,-1.645714929,-1.645714929,0,0,0,0,0,0,0,0,0,-3.291429858,0,-1.645714929,-1.645714929,0,0,-1.645714929,-3.291429858,0,0,0
21,0,0,0,0,-1.904963362,-7.442483444,0,0,0,-1.904963362,-1.904963362,-1.904963362,-3.019295494,0,-3.809926724,-1.904963362,-3.019295494,0,0,-6.328151312,-4.42318795,-1.904963362,0,0,-3.019295494,0,0,0,0,0,0,-1.904963362,0,-3.809926724,0,0,0,0,-4.924258856,-1.904963362,0,0,0,-3.019295494,0,0,-3.019295494,0,0,0,0,0,-1.904963362,0,0,-1.904963362,0,0,0,-4.42318795,0,-1.904963362,0,0,0,0,-1.904963362,0,0,0,0,0,-1.904963362,0,-1.904963362,0,0,-3.019295494,-3.019295494,0,-3.809926724,0,-1.904963362,0,-1.904963362,-3.019295494,0,-3.019295494,-1.904963362,0,-3.019295494,0,-4.924258856,0,-1.904963362,-1.904963362,0,0,-3.019295494,0,0,0,-1.904963362,0,0,-1.904963362,0,0,0,0,0,-1.904963362,-3.019295494,0,0,0,0,0,-1.904963362,-1.904963362,0,-1.904963362,0,-1.904963362,0,0,0,-1.904963362,0,0,0,-3.019295494,-3.019295494,-1.904963362,0,-4.42318795,0,0,-3.019295494,0,0,-6.038590988,0,0,-3.019295494,0,-3.019295494,-1.904963362,-1.904963362,0,0,0
22,0,-2.404737212,0,0,-1.517220256,-4.551660769,0,-1.517220256,0,0,-4.809474423,0,-1.517220256,0,-3.034440513,-3.034440513,-3.921957468,-1.517220256,-1.517220256,-3.921957468,0,-3.034440513,0,-2.404737212,0,0,-1.517220256,-1.517220256,0,0,-2.404737212,0,0,-4.809474423,0,-1.517220256,0,0,-1.517220256,0,-5.927613551,-1.517220256,0,0,0,0,-2.404737212,0,-2.404737212,-1.517220256,0,0,0,0,-1.517220256,0,0,0,0,-2.404737212,0,0,-1.517220256,0,0,0,-1.517220256,0,0,0,0,0,-1.517220256,0,-2.404737212,0,0,0,0,0,0,0,0,0,-1.517220256,0,0,-1.517220256,-2.404737212,0,-1.517220256,0,-1.517220256,-3.034440513,-4.551660769,-1.517220256,0,0,-1.517220256,0,0,0,0,-2.404737212,0,0,0,-1.517220256,-1.517220256,0,0,0,-1.517220256,0,0,0,0,-1.517220256,0,-1.517220256,-1.517220256,0,0,0,0,0,-2.404737212,0,0,-1.517220256,0,-5.040096595,0,0,0,0,0,0,0,0,0,-2.404737212,0,0,-2.404737212,0,0,0,0,0,-1.517220256,0
23,0,-7.394508066,-2.633976918,0,-4.174754643,0,0,-4.174754643,-4.174754643,0,-4.174754643,0,-2.633976918,0,0,-7.901930755,-4.174754643,0,-6.115905008,-11.56926271,0,-7.901930755,0,0,0,0,-2.633976918,-2.633976918,-2.633976918,0,-2.633976918,0,-2.633976918,-9.44270848,-4.174754643,0,0,-4.174754643,-4.174754643,0,0,0,0,-2.633976918,0,0,-2.633976918,0,0,0,0,0,0,-2.633976918,0,0,0,0,-6.115905008,-4.174754643,-2.633976918,-2.633976918,0,0,0,0,-2.633976918,-4.174754643,-4.174754643,-2.633976918,0,0,0,0,-4.174754643,-2.633976918,0,-2.633976918,-2.633976918,0,-4.174754643,0,-4.174754643,0,-2.633976918,0,-2.633976918,-8.349509287,-7.901930755,0,-9.112063034,0,-6.115905008,0,-12.52426393,-2.633976918,0,-2.633976918,-5.267953837,-6.115905008,0,0,-2.633976918,0,-2.633976918,-2.633976918,0,0,-5.267953837,0,-2.633976918,-4.174754643,0,0,0,0,0,-2.633976918,0,-2.633976918,-2.633976918,0,0,0,-2.633976918,0,0,0,0,0,-7.394508066,-5.267953837,0,0,-2.633976918,0,0,0,0,0,-2.633976918,-7.901930755,0,-2.633976918,0,-4.174754643,0,0,-7.901930755,0,-2.633976918,-2.633976918
